hour,worker_type,shortest_distance_m,shortest_travel_time_min,shortest_heat_dose,shortest_pollution_dose,shortest_risk,cool_distance_m,cool_travel_time_min,cool_heat_dose,cool_pollution_dose,cool_risk,risk_reduction,risk_reduction_percent
9am,rider,2070.6705581858837,4.96960933964612,1656.5364465487078,803.799341418324,2.4603357879670322,2489.0399287068913,5.973695828896539,1991.2319429655133,1039.2470494439444,3.0304789924094577,-0.5701432044424255,-23.173389877547283
9am,vendor,2070.6705581858837,62.1201167455765,2070.6705581858837,574.1423867273744,3.4382568283872352,2489.0399287068913,74.67119786120674,2489.0399287068913,742.319321031389,4.200767024659764,-0.7625101962725287,-22.17723207809916
9am,child,2070.6705581858837,31.06005837278825,2484.804669823061,1148.2847734547488,5.449634164916715,2489.0399287068913,37.33559893060337,2986.8479144482694,1484.638642062778,6.707229834766571,-1.2575956698498567,-23.076698945149765
11am,rider,2070.6705581858837,4.96960933964612,1656.5364465487078,803.799341418324,2.4603357879670322,2489.0399287068913,5.973695828896539,1991.2319429655133,1039.2470494439444,3.0304789924094577,-0.5701432044424255,-23.173389877547283
11am,vendor,2070.6705581858837,62.1201167455765,2070.6705581858837,574.1423867273744,3.4382568283872352,2489.0399287068913,74.67119786120674,2489.0399287068913,742.319321031389,4.200767024659764,-0.7625101962725287,-22.17723207809916
11am,child,2070.6705581858837,31.06005837278825,2484.804669823061,1148.2847734547488,5.449634164916715,2489.0399287068913,37.33559893060337,2986.8479144482694,1484.638642062778,6.707229834766571,-1.2575956698498567,-23.076698945149765
1pm,rider,2070.6705581858837,4.96960933964612,1656.5364465487078,803.799341418324,2.4603357879670322,2489.0399287068913,5.973695828896539,1991.2319429655133,1039.2470494439444,3.0304789924094577,-0.5701432044424255,-23.173389877547283
1pm,vendor,2070.6705581858837,62.1201167455765,2070.6705581858837,574.1423867273744,3.4382568283872352,2489.0399287068913,74.67119786120674,2489.0399287068913,742.319321031389,4.200767024659764,-0.7625101962725287,-22.17723207809916
1pm,child,2070.6705581858837,31.06005837278825,2484.804669823061,1148.2847734547488,5.449634164916715,2489.0399287068913,37.33559893060337,2986.8479144482694,1484.638642062778,6.707229834766571,-1.2575956698498567,-23.076698945149765
3pm,rider,2070.6705581858837,4.96960933964612,1656.5364465487078,803.799341418324,2.4603357879670322,2489.0399287068913,5.973695828896539,1991.2319429655133,1039.2470494439444,3.0304789924094577,-0.5701432044424255,-23.173389877547283
3pm,vendor,2070.6705581858837,62.1201167455765,2070.6705581858837,574.1423867273744,3.4382568283872352,2489.0399287068913,74.67119786120674,2489.0399287068913,742.319321031389,4.200767024659764,-0.7625101962725287,-22.17723207809916
3pm,child,2070.6705581858837,31.06005837278825,2484.804669823061,1148.2847734547488,5.449634164916715,2489.0399287068913,37.33559893060337,2986.8479144482694,1484.638642062778,6.707229834766571,-1.2575956698498567,-23.076698945149765
5pm,rider,2070.6705581858837,4.96960933964612,1656.5364465487078,803.799341418324,2.4603357879670322,2489.0399287068913,5.973695828896539,1991.2319429655133,1039.2470494439444,3.0304789924094577,-0.5701432044424255,-23.173389877547283
5pm,vendor,2070.6705581858837,62.1201167455765,2070.6705581858837,574.1423867273744,3.4382568283872352,2489.0399287068913,74.67119786120674,2489.0399287068913,742.319321031389,4.200767024659764,-0.7625101962725287,-22.17723207809916
5pm,child,2070.6705581858837,31.06005837278825,2484.804669823061,1148.2847734547488,5.449634164916715,2489.0399287068913,37.33559893060337,2986.8479144482694,1484.638642062778,6.707229834766571,-1.2575956698498567,-23.076698945149765
